"PointID","Conservation","Forestry","Grazing","Horticulture","Irrigated.Cropping","Other","Sugar","Urban","Water","Wetland","sum","Relative.Conservation","Relative.Forestry","Relative.Horticulture","Relative.Grazing","Relative.Irrigated.Cropping","Relative.Other","Relative.Sugar","Relative.Urban","Relative.Water","Relative.Wetland","Relative.Dryland.Cropping"
"1",0.393722924614054,2.33723991276271,0.186448249162729,0,0,0,0,0,0,0,2.9174110865395,0.134956272165631,0.801134925258354,0,0.0639088025760148,0,0,0,0,0,0,0
"10",0.110881589668832,1.10791103752652,0.100596221258432,0,0,0,0,0,0,0,1.31938884845378,0.0840401143292791,0.839715326398962,0,0.076244559271759,0,0,0,0,0,0,0
"100",32.17105842511,39.6212165916708,83.3318092609391,1.11960082003455,0.38203250137377,4.31348498027253,158.998610900059,12.9960169745225,10.8023409733055,2.36509257770125,346.101264004989,0.0929527331187274,0.11447868214402,0.00323489376224413,0.240772912229924,0.0011038171226334,0.0124630720222113,0.459399104932963,0.0375497529946471,0.0312115039636196,0.00683352770900933,0
"101",32.5683551445113,39.6212165916708,84.6828878079067,1.11960082003455,0.38203250137377,4.35299113636321,159.374218648804,12.9960169745225,10.8219086360631,2.43891036995589,348.358138631206,0.0934910126471604,0.113737020031607,0.00321393616475782,0.243091457947987,0.00109666592798687,0.0124957354332736,0.457501062771287,0.0373064829935865,0.0310654680800205,0.00700115800233358,0
"102",32.6730331304826,39.6212165916708,84.6828878079067,1.11960082003455,0.38203250137377,4.35299113636321,159.732520158824,13.0643353570917,10.8419771608635,2.54477669217595,349.015371356787,0.0936148829304199,0.113522841236604,0.00320788398425586,0.242633691114247,0.00109460079047129,0.0124722046465778,0.457666146731213,0.0374319770109394,0.031064468933605,0.00729130262166736,0
"107",33.993871516138,39.6212165916708,86.4598319090077,1.11960082003455,0.38203250137377,4.6016322948145,161.456308827919,13.784835003139,10.9300806375375,2.73633909948603,355.085749201121,0.0957342602247997,0.111582108492981,0.00315304351851194,0.243490007986879,0.00107588801362284,0.0129592142325265,0.45469667310267,0.0388211440029695,0.0307815243560978,0.00770613606894196,0
"109",0.00270500382411903,0,0.420796286249755,0,0,0,0.367660094545961,0.0599809227244973,0,0,0.851142307344332,0.00317808643839944,0,0,0.494390048078671,0,0,0.431960779500087,0.0704710859828424,0,0,0
"11",0.463249897776995,3.3690592892647,0.466365017036426,0,0,0,0,0,0,0,4.29867420407812,0.107765761205516,0.783743807816023,0,0.108490430978461,0,0,0,0,0,0,0
"110",0.463084541879662,0,0.497861848740598,0,0,0.149492752928765,0.792546024199654,0.0824072585953983,0.0436282328470969,0,2.02902065919117,0.228230570143264,0,0,0.245370517291362,0,0.0736772946355099,0.390605201878815,0.0406143023838151,0.0215021136672351,0,0
"111",5.08937531726007,6.01464076759062,8.55054150223041,0,0,0.749980455656047,0,2.23290279961787,0,0,22.637440842355,0.224821142668113,0.265694378153255,0,0.377716790593759,0,0.0331300901404377,0,0.098637598444435,0,0,0
"112",5.08937531726007,6.01464076759062,8.60307419021555,0.0119509344539343,0,0.749980455656047,0.104245761565553,2.32505389888807,0,0,22.8983213256299,0.222259756288929,0.262667323165672,0.000521913125594832,0.375707636724716,0,0.0327526391559805,0.00455255038494337,0.101538181154165,0,0,0
"114",42.4063443932968,39.7745477126974,95.8680592598009,1.53523401604313,0.38203250137377,5.01576680501247,191.972120707845,17.8127223856255,11.0413876699863,4.64038001488166,410.448595466563,0.103317065429577,0.0969050647316386,0.00374038072733081,0.233568978719068,0.000930768202384779,0.0122202070135262,0.467712943418962,0.0433981808742152,0.0269007807358567,0.0113056301474412,0
"115",34.280656628665,39.6212165916708,86.4616296595313,1.12376271056169,0.38203250137377,4.71451302529477,166.621919541256,13.843670673737,11.0020454163262,3.2715334779503,361.322980226367,0.0948753843643943,0.109655955363947,0.0031101335150553,0.239291809243252,0.00105731581515914,0.01304791912859,0.461143986570875,0.0383138395046561,0.0304493376242869,0.00905431886978431,0
"116",0.00819925505175124,0,0.00179723125688284,0,0,0.0553608461758383,1.14082914831748,0.0373536400396962,0,0,1.24354012084165,0.00659347850088006,0,0,0.00144525393814109,0,0.0445187455137104,0.917404375779487,0.0300381462677815,0,0,0
"117",42.4063445082574,39.7745477126974,96.0005376313497,1.53523401604313,0.38203250137377,5.01576680501247,191.996130942993,17.8207335263022,11.0593270287674,4.74030396926875,410.730958642065,0.103246038838803,0.0968384458872973,0.00373780934633911,0.233730951152893,0.000930128331783958,0.0122118060484053,0.46744986445083,0.0433878507362097,0.0269259640552323,0.0115411411522055,0
"118",42.4063443932968,39.7745477126974,96.0005366266887,1.53523401604313,0.38203250137377,5.03471502011404,193.606801050964,17.84770931522,11.0852579241592,4.97510345113235,412.64828201169,0.10276631756847,0.0963884970483669,0.00372044203978933,0.232644944403208,0.000925806596143657,0.0122009838392382,0.469181163452608,0.0432516263686138,0.0268636958092199,0.0120565228743432,0
"119",33.5621696828101,39.6212165916708,85.918767971881,1.11960082003455,0.38203250137377,4.55100754016773,160.663546827408,13.3358950008446,10.9128108871322,2.64828636157665,352.715334184899,0.0951537016681452,0.112331993399812,0.00317423347250232,0.243592380723774,0.001083118493435,0.0129027776767483,0.455504854073584,0.0378092294503242,0.0309394285687946,0.00750828247288044,0
"120",33.9754109844893,39.6212165916708,86.3774080645541,1.11960082003455,0.38203250137377,4.55100754016773,160.837400652171,13.7329197587032,10.9143472292741,2.658949074995,354.170293217433,0.0959295899038913,0.111870524858917,0.00316119347521674,0.243886654862736,0.00107866895866173,0.0128497720653656,0.454124481167112,0.0387749058057568,0.0308166648595045,0.00750754404283877,0
"121",33.9772977479055,39.6212165916708,86.4598319090077,1.11960082003455,0.38203250137377,4.58729497342636,161.30552998395,13.7807735441931,10.9266890076382,2.72873596502096,354.889003044221,0.0957406328639374,0.11164396825994,0.0031547915275781,0.243624995892686,0.00107648447288226,0.0129259992112372,0.454523889442273,0.038831221666443,0.0307890323845191,0.00768898427850396,0
"122",21.9207503577205,29.8916486684004,71.6475603144851,0.471774204135713,0.38203250137377,4.04890983947711,147.442620677483,12.6680181319632,10.7412898150346,1.2057869884867,300.420391498561,0.0729669189510577,0.0994993998885844,0.00157038009897532,0.238491002415289,0.00127165968817267,0.0134774800714435,0.490787659060054,0.0421676373856398,0.0357541968488049,0.00401366559197922,0
"123",33.5621696828101,39.6212165916708,85.918767971881,1.11960082003455,0.38203250137377,4.55100754016773,160.663546827408,13.3358950008446,10.9128133216145,2.6488817932953,352.7159320511,0.0951535403791958,0.11233180299304,0.00317422809206233,0.24359196782592,0.00108311665751016,0.0129027558060757,0.45550408197646,0.0378091653623193,0.0309393830274543,0.00750995787996198,0
"125",0.0187612232394208,0.217942331740456,1.28779288477378,0,0,0.243005049046946,0.815421066376359,0.770272637889823,0,0,3.35319519306678,0.00559502866943515,0.0649954205442866,0,0.38404948433556,0,0.0724696998103164,0.243177333685304,0.229713032955097,0,0,0
"127",0.0423532649597242,2.94840183919999,0,0,0,0,0,0,0,0,2.99075510415971,0.0141613951944166,0.985838604805583,0,0,0,0,0,0,0,0,0
"129",0.0423532649597242,6.94047432965152,1.19586228918842,0,0,0,0.0468738862321068,0,0,0,8.22556377003177,0.00514898019683831,0.843768831376371,0,0.145383626292621,0,0,0.00569856213417038,0,0,0,0
"13",0.231516305877672,1.09774232350956,0,0,0,0,0,0,0,0,1.32925862938723,0.174169496258526,0.825830503741474,0,0,0,0,0,0,0,0,0
"130",5.08937531726007,6.01707327921455,9.55070452397498,0.0119509344539343,0,0.749980455656047,1.36337336795988,2.43247675006614,0,0,25.2149346285856,0.201839718889866,0.238631325753791,0.000473962539660355,0.378771734476264,0,0.0297435018850222,0.054070073472023,0.0964696829833734,0,0,0
"134",0.187690098247314,0.172696159962627,0.546838796542661,0,0,0,0.0282801259814648,0,0,0,0.935505180734066,0.200629672729379,0.184602034835463,0,0.584538501554391,0,0,0.0302297908807669,0,0,0,0
"135",5.08937531726007,16.1913439595186,11.9198548949072,0.0119509344539343,0,0.778006143482253,2.63394468177736,2.43247675006614,0,0,39.0569526814655,0.130306513126285,0.414557277204121,0.000305987375702395,0.305191625985807,0,0.019919786108952,0.0674385608948773,0.0622802493042544,0,0,0
"137",0.150988602531755,1.97052254672036,0.562059279240805,0,0,0,0,0,0,0,2.68357042849292,0.0562640730157953,0.734291347750093,0,0.209444579234112,0,0,0,0,0,0,0
"139",5.08937531726007,16.1913439595186,11.9980752735962,0.0119509344539343,0,0.900533546848583,5.06280962720198,2.43247675006614,0.0272886646645166,0,41.71385407361,0.122006835145924,0.388152672993165,0.000286497968584853,0.287628068421199,0,0.021588356359004,0.121369979821762,0.0583134022038263,0.000654187086533935,0,0
"14",0.231517887239421,1.79670662722724,0,0,0,0,0,0,0,0,2.02822451446666,0.114148056878358,0.885851943121642,0,0,0,0,0,0,0,0,0
"140",8.98591793317502,28.7646730019219,21.9831027122481,0.194868600811217,0.0478066016031535,0.979439784124298,14.776745263077,2.63965091269018,0.0569474940667126,0,78.4291523037176,0.114573697014816,0.366759963062337,0.0024846449959906,0.280292494136853,0.000609551425699745,0.0124882107654486,0.188408835605592,0.0336565018893498,0.000726101103913286,0,0
"141",8.98591039714027,28.7646811932395,21.9831135798889,0.194868600811217,0.0478066016031535,1.01025474049368,15.0398990588895,2.63965091269018,0.0569474940667126,0,78.7231325788232,0.114145742207895,0.365390454507616,0.0024753664447499,0.279245919969939,0.000607275143113572,0.0128330099095351,0.19104802573539,0.0335308164985326,0.000723389583229462,0,0
"142",17.2636159644602,29.8916486684004,54.3932337692424,0.194868600811217,0.0478066016031535,2.59261440031191,61.1862988591491,5.982232829425,10.0480395208506,0.0841790774504008,181.684538291704,0.0950197310502149,0.164525000032791,0.00107256568249272,0.299382843915486,0.000263129719527357,0.0142698681169518,0.336772184548314,0.0329264828238725,0.0553048686218851,0.000463325488464223,0
"143",17.3810959863273,29.8916486684004,54.3954514108607,0.194868600811217,0.0478066016031535,2.7189144362251,61.7850479868682,6.14163025493503,10.0480395208506,0.100799117474102,182.705302584356,0.0951318639386636,0.16360580807226,0.00106657331809648,0.297722346540797,0.000261659628521625,0.0148814205048579,0.338167787759427,0.0336149535238553,0.0549958834183882,0.000551703295133223,0
"144",17.4919704487675,29.8916486684004,54.6706191872954,0.194868600811217,0.0478066016031535,2.75424044916727,62.0656857767959,6.31157767042072,10.0480395208506,0.162222896596233,183.638679820708,0.0952521030201558,0.162774251576979,0.00106115226379036,0.297707537653134,0.00026032969551855,0.0149981499096831,0.337977194332874,0.0343695439140757,0.0547163567646029,0.000883380869186251,0
"146",2.02419955023995,0,4.44137894966613,0,0,0.0203529168118533,0.998109438917235,0,0,0,7.48404085563517,0.270468800115624,0,0,0.59344664671652,0,0.00271950904657721,0.133365044121278,0,0,0,0
"147",4.34105523497912,0,13.0442589057496,0.015632714776415,0,0.635375039236652,60.5062787233606,4.64270739209599,0.35930056300131,0.205037639118385,83.7496462123181,0.0518337143057762,0,0.000186660069426248,0.155753003095445,0,0.0075865996809811,0.722466081468189,0.0554355463225006,0.00429017409924847,0.00244822095843347,0
"148",4.34105523497912,0,13.5334387087306,0.015632714776415,0,0.635375039236652,60.5495476533605,4.65408323107438,0.35930056300131,0.282927919346863,84.3713610645059,0.0514517625436928,0,0.000185284610550055,0.160403228512382,0,0.00753069562017469,0.717655219607842,0.055161883989475,0.0042585607067143,0.00335336440916902,0
"149",4.34105523497912,0,13.585165964553,0.015632714776415,0,0.640848180694725,62.3846723965012,4.68958043718718,0.35930056300131,0.38373058146022,86.3999860731532,0.0502437029480958,0,0.000180934227965953,0.157235742527212,0,0.00741722550918158,0.72204493579063,0.0542775601053524,0.00415857200135538,0.00444132689020716,0
"15",0.231517887239421,2.38687558695465,0.00431695764394627,0,0,0,0,0,0,0,2.62271043183801,0.0882742846594663,0.910079724387228,0,0.00164599095330586,0,0,0,0,0,0,0
"150",0.683461849213736,0,0.328975767495821,0,0,0,0,0,0,0,1.01243761670956,0.675065641510833,0,0,0.324934358489167,0,0,0,0,0,0,0
"151",0.874543482333735,0,0.646371136950578,0,0,0,0.163561317643259,0,0,0,1.68447593692757,0.519178376586888,0,0,0.383722392692375,0,0,0.0970992307207366,0,0,0,0
"152",0.874543482333735,0,2.84689743241741,0,0,0,0.356965907808027,0,0,0,4.07840682255917,0.214432625381144,0,0,0.698041553056986,0,0,0.08752582156187,0,0,0,0
"153",1.67365499467587,0,3.1673937452407,0,0,0,0.860864652150115,0,0,0,5.70191339206668,0.293525151926106,0,0,0.555496642521373,0,0,0.150978205552521,0,0,0,0
"154",1.77415013594459,0,3.52148659959758,0,0,0.0139924177760532,0.969410414978979,0,0,0,6.2790395682972,0.282551195393361,0,0,0.560832044661341,0,0.00222843280789322,0.154388327137405,0,0,0,0
"155",3.29433256197431,12.5733267806252,8.9947582524262,0.182917666357283,0.0478066016031535,0.078906237275715,8.63781789607563,0.207174162624039,0.0296588294021959,0,34.0466989883638,0.0967592353990095,0.369296500225248,0.00537255216488973,0.264188850011579,0.00140414792105081,0.00231758847759905,0.253705003795751,0.00608499997884803,0.000871122026024683,0,0
"156",3.74367778081104,12.5733267806252,9.2109862960826,0.182917666357283,0.0478066016031535,0.078906237275715,9.20572513492988,0.207174162624039,0.0296588294021959,0,35.2801794897111,0.106112775925724,0.356385000373709,0.00518471473226568,0.261081049736973,0.00135505550976847,0.00223655997268173,0.260931924612645,0.00587225364554785,0.000840665490685654,0,0
"157",3.8965350798802,12.5733267806252,9.83363909423606,0.182917666357283,0.0478066016031535,0.078906237275715,9.28071407696918,0.207174162624039,0.0296588294021959,0,36.130678528973,0.107845610393272,0.347995866464083,0.0050626690060803,0.27216868031832,0.00132315814564118,0.00218391241151036,0.256865203058033,0.00573402357937747,0.000820876623681801,0,0
"158",3.89654261591495,12.5733490064016,9.88090795338191,0.182917666357283,0.0478066016031535,0.078906237275715,9.42332407974014,0.207174162624039,0.0296588294021959,0,36.320587152701,0.107281928002234,0.346176920365853,0.00503619794438483,0.272047032495374,0.00131623977889351,0.00217249343861026,0.259448561228432,0.00570404222137231,0.000816584524845447,0,0
"159",0.039801073121729,0.628133427617328,0.367006409437322,0,0,0,0,0,0,0,1.03494091017638,0.0384573387044348,0.606926851031794,0,0.354615810263771,0,0,0,0,0,0,0
"164",0.241283029944672,3.24872708546922,1.41733655742971,0,0,0,0.0153626783895083,0,0,0,4.92270935123312,0.049014275011835,0.659946962876334,0,0.287917985057289,0,0,0.00312077705454214,0,0,0,0
"165",0.0529818971572489,0.740882098060872,0.422189867235776,0,0,0,0.0487042429655275,0,0,0,1.26475810541942,0.0418909330805821,0.585789563147475,0,0.333810762253046,0,0,0.0385087415188978,0,0,0,0
"166",17.2394648853406,29.2864305693705,50.4098670507926,0.194868600811217,0.0478066016031535,1.97817151473892,57.082298853791,4.59955827999464,10.0001542888203,0.0590190591362565,170.897639704399,0.100875968299853,0.171368256577604,0.00114026502149638,0.294971113340045,0.000279738220409857,0.0115751833563094,0.334014553697324,0.0269141123771544,0.0585154616887484,0.000345347421054741,0
"167",2.35003073779361,5.46015709157624,6.85499424486783,0.182917666357283,0.0478066016031535,0.0515124323784295,5.88839394161131,0.166725198992984,0.0296588294021959,0,21.032196744583,0.11173491605906,0.259609452967985,0.00869703096536477,0.325928590727613,0.00227301989343868,0.00244921788265873,0.279970466857101,0.00792714146875431,0.00141016317802537,0,0
"168",2.31685568473917,0,7.51915749700952,0.015632714776415,0,0.615022122424799,58.6831122839694,4.62868117954152,0.35930056300131,0.0676787091847469,74.2054407546469,0.0312221807616456,0,0.00021066804020615,0.101328924409612,0,0.00828810012002098,0.790819536777626,0.0623765741766269,0.00484197060683599,0.000912045107427095,0
"169",8.98591039714027,28.7646811932395,21.9831135798889,0.194868600811217,0.0478066016031535,1.01304641039177,15.1127037944267,2.63965091269018,0.0569474940667126,0,78.7987289842584,0.114036235266376,0.365039913257812,0.00247299167541326,0.27897802240288,0.00060669254719456,0.0128561262783077,0.191788674630091,0.0334986483502481,0.000722695591677487,0,0
"17",1.03893274649898,0,0.592790793791221,0,0,0,7.62775904347739e-05,0,0,0,1.63179981788064,0.636679043050964,0,0,0.363274212495703,0,0,4.67444533324206e-05,0,0,0,0
"170",8.98591793317502,28.7646730019219,22.0161861908105,0.194868600811217,0.0478066016031535,1.01304660722579,15.5064368844062,2.63965091269018,0.0569474940667126,0,79.2255342267107,0.113421992301889,0.363073260189187,0.00245966912957108,0.277892555799111,0.000603424162042894,0.0127868700049011,0.195725242319391,0.0333181838210972,0.000718802272809577,0,0
"171",8.98591793317502,28.7646730019219,22.0166248683093,0.194868600811217,0.0478066016031535,1.01304660722579,15.5639103349993,2.63965091269018,0.0569474940667126,0,79.2834463548026,0.113339143873262,0.362808055457083,0.00245787247869066,0.277695103840244,0.0006029833944051,0.0127775299107495,0.196307187068395,0.0332938467492626,0.000718277227907904,0,0
"172",0.0529818971572489,1.22225562265611,1.26146265744705,0,0,0.00467019469289616,0.283227906825768,0,0,0,2.82459827877907,0.0187573211933522,0.432718391085485,0,0.446598961319311,0,0.00165340138028933,0.100271925021562,0,0,0,0
"174",0.729135811520951,0,6.22446234953801,0.015632714776415,0,0.0944815024049115,11.6600089290231,1.29103051648667,0.0153825411253393,0.00832873344773035,20.0384630983232,0.0363868130975557,0,0.000780135417557207,0.310625736065501,0,0.00471500743052584,0.581881398379243,0.0644276215272571,0.000767650744962898,0.000415637337397762,0
"175",0.294265533347672,4.4934403772995,4.73118115162416,0.0332666405905451,0,0.0426713937069067,0.572245309980535,0.0311422115403732,0,0,10.1982126180897,0.0288546183892754,0.440610580066647,0.00326200696497897,0.463922584162635,0,0.00418420318392026,0.0561123141289955,0.00305369310354766,0,0,0
"176",0.326315040362951,4.4934403772995,4.9609057967134,0.106762274958188,0,0.0426713937069067,0.946564951847631,0.0311422115403732,0,0,10.9078020464289,0.0299157464513927,0.411947371081105,0.0097876982460587,0.454803431121811,0,0.00391200661006464,0.0867787064542047,0.00285504003536338,0,0,0
"177",0.326315040362951,4.4934403772995,4.9609057967134,0.106762282256491,0,0.0426713937069067,0.975945484448392,0.0311422115403732,0,0,10.937182586328,0.0298353838191254,0.410840757373522,0.00976140623179766,0.453581693233755,0,0.00390149779160201,0.0892318910053097,0.00284737054488808,0,0,0
"178",0.510464287831541,5.42936149095718,5.86090194564427,0.106767275077813,0.0478066016031535,0.0426713937069067,2.39726559939455,0.0987886668396051,0.0296588294021959,0,14.5236860904572,0.0351470201608765,0.373828066590102,0.00735125190759698,0.403540940580861,0.00329163005213703,0.00293805535599836,0.165059034219259,0.00680190044210018,0.00204210069106928,0,0
"179",0.588425836207687,5.46015385187622,6.15821064398149,0.107022125520232,0.0478066016031535,0.0426713937069067,2.77654491208104,0.166725040269739,0.0296588294021959,0,15.3772192346487,0.0382660757597719,0.355080705331504,0.0069597840732533,0.400476220700914,0.00310892371849869,0.00277497465931665,0.180562224529179,0.0108423400697875,0.00192875115777548,0,0
"18",1.04046840963871,0,1.16137344054984,0,0,0,0.493912684666338,0.0477932804860438,0,0,2.74354781534093,0.379241944981161,0,0,0.423310807289692,0,0,0.180027000770519,0.0174202469586282,0,0,0
"180",0.744295078773645,0,0.345498831878476,0,0,0,0.0685179413731148,0,0,0,1.15831185202524,0.642568818986262,0,0,0.298277904412695,0,0,0.0591532766010427,0,0,0,0
"181",0.788464170520217,0,0.353555797751905,0,0,0,0.163026110444344,0,0,0,1.30504607871647,0.604165771139425,0,0,0.270914417136622,0,0,0.124919811723953,0,0,0,0
"182",0.807137678461984,0,0.581610912948625,0,0,0,1.16763913015345,0,0,0,2.55638772156406,0.315733670465354,0,0,0.227512793948479,0,0,0.456753535586168,0,0,0,0
"183",0.493701826434456,0,0,0,0,0,0.0664429389039664,0,0,0,0.560144765338423,0.881382558553728,0,0,0,0,0,0.118617441446272,0,0,0,0
"184",0.738984293390408,0,0,0,0,0,0.337089671361139,0,0,0,1.07607396475155,0.686741169842383,0,0,0,0,0,0.313258830157618,0,0,0,0
"185",0.729135811520951,0,6.2073555727361,0.015632714776415,0,0.0944815024049115,11.345309120792,1.26231450036891,0.0153825411253393,0,19.6696117637246,0.0370691511494726,0,0.000794764785609314,0.315580990987525,0,0.00480342487385326,0.57679374951952,0.0641758726878846,0.00078204599613442,0,0
"186",1.5877198771592,0,1.16746457209076,0,0,0.465280402493139,42.590697106185,3.13518265730414,0.34391802187597,0,49.2902626371083,0.032211633540047,0,0,0.0236855011442327,0,0.00943960079739668,0.864079329821233,0.0636065317887719,0.00697740290831908,0,0
"187",1.5877198771592,0,1.29470940721421,0,0,0.520540620019887,46.6988294910526,3.29821694878547,0.34391802187597,0.00211783500765734,53.746052201115,0.0295411441796327,0,0,0.0240893861816952,0,0.00968518800361468,0.868879249331801,0.0613666830159676,0.00639894481159372,3.94044756949311e-05,0
"188",8.25355449043162,0.521740047804481,27.886334687817,0,0,0.965124948037677,36.6961317388794,1.93087652128868,9.94321180390679,0,86.1969742381656,0.0957522530620011,0.00605288123412421,0,0.323518719007073,0,0.011196738128777,0.425724128523195,0.0224007459467614,0.115354534098068,0,0
"189",8.25355449043162,0.521740047804481,28.3198452585917,0,0,0.965125096950492,37.2918736381667,1.93807082586549,9.94321180390679,0,87.2334211617173,0.0946145912944398,0.00598096510324013,0,0.324644441103498,0,0.0110637079699224,0.427495255161818,0.0222170677253688,0.113983971641713,0,0
"193",0.361298080979481,0,0.120674378242607,0,0,0,0,0.0209309851920111,0,0,0.502903444414099,0.718424351617647,0,0,0.239955362372189,0,0,0,0.0416202860101634,0,0,0
"195",0.311256266764473,0,1.08639870218341,0,0,0.00947567612184008,0.0339221694624483,0.0629350986589093,0,0,1.50398791319108,0.206953968203152,0,0,0.722345367708673,0,0.00630036720290861,0.0225548152115624,0.0418454816737036,0,0,0
"196",0.508817988994794,0,0.371565959832882,0,0,0,0,0.40122041936397,0,0,1.28160436819165,0.397016428488567,0,0,0.289922513573487,0,0,0,0.313061057937947,0,0,0
"198",0.906899345022442,0,2.5570361514501,0,0,0.222837177590142,0.507563001501031,0.0629350986589093,0,0,4.25727077422262,0.21302364663146,0,0,0.600628028391502,0,0.0523427306854431,0.11922262604819,0.014782968243405,0,0,0
"199",0.906899345022442,0,2.70910226420462,0,0,0.258228197626651,1.18469841754084,0.0629350986589093,0,0,5.12186332305347,0.177064339249448,0,0,0.52892904268081,0,0.0504168466316484,0.231302231789069,0.0122875396490256,0,0,0
"2",1.57995023662312,0,0,0,0,0,0,0,0,0,1.57995023662312,1,0,0,0,0,0,0,0,0,0,0
"20",1.88133581576647,0,1.41824597289606,0,0,0,0,0.101897948187312,0,0,3.40147973684984,0.553093347987662,0,0,0.416949705015593,0,0,0,0.0299569469967449,0,0,0
"200",6.62595748495188,0.521740047804481,25.0495619338583,0,0,0.807341104798517,21.3985561100182,0.743858319535908,9.89178652016177,0,65.038801521129,0.101876992348934,0.00802198127274814,0,0.385147963185031,0,0.0124132223521406,0.329012152892554,0.0114371467822059,0.152090541166387,0,0
"201",6.62595748495188,0.521740047804481,25.050074995868,0,0,0.807341104798517,24.6866220139661,0.744138399788289,9.89178652016177,0,68.3276605673391,0.0969732818295716,0.00763585411050755,0,0.366616898454768,0,0.0118157287706764,0.361297632744746,0.0108907343469621,0.144769869742768,0,0
"202",7.43582853232947,0.521740047804481,26.0611972876628,0,0,0.807341104798517,27.9119712801288,1.77016630088061,9.89178652016177,0,74.4000310737664,0.0999438901437684,0.00701263212225253,0,0.350284763481128,0,0.0108513544033073,0.375160747613862,0.0237925478703835,0.132954064365299,0,0
"204",7.44640650346944,0.521740047804481,26.4374356975672,0,0,0.871568189330047,31.7536518818845,1.90612708879852,9.89178652016177,0,78.828715929016,0.0944631206497745,0.0066186546571975,0,0.335378236039944,0,0.0110564808656135,0.402818332223985,0.024180618272597,0.125484557290888,0,0
"205",4.16380243539396,0.521746475792,22.3281570247201,0,0,0.549112907171866,13.6591297059207,0.68092744566766,9.87936855618868,0,51.782244550855,0.0804098484241006,0.0100757794552454,0,0.43119330222914,0,0.0106042700917027,0.263780178406639,0.0131498248400362,0.190786796553136,0,0
"206",5.71906856727798,0.521746475792,22.3281570247201,0,0,0.549112907171866,15.4764679873566,0.68092744566766,9.88429298160577,0,55.1597733895919,0.103681872057094,0.00945882195901929,0,0.404790586556927,0,0.00995495219484491,0.280575264115875,0.0123446381996222,0.179193864916618,0,0
"207",5.71906856727798,0.521746475792,22.3404840712797,0,0,0.549112907171866,19.680586100686,0.68092744566766,9.89178151100857,0,59.3837070788837,0.0963070318207135,0.00878602063523797,0,0.376205615483102,0,0.00924686137297624,0.331413902378017,0.0114665701951401,0.166573998114813,0,0
"209",0.0346677717334204,0,5.65818733293036,0,0,0.0175524194177857,6.98818734440632,0.0209981699746667,0.212292121956361,0,12.9318851604189,0.00268079798910752,0,0,0.437537703338766,0,0.00135729781080248,0.540384271722062,0.00162375165833799,0.0164161774809237,0,0
"210",3.4737053098047,0.521746475792,21.65561681607,0,0,0.428548388509537,9.8957385041219,0.68092744566766,9.29943791721542,0,45.9557208571812,0.0755880931690767,0.0113532432102078,0,0.471227877882064,0,0.00932524570425861,0.215332026558246,0.0148170332869723,0.202356480189174,0,0
"211",4.08283386012692,0.521740047804481,21.6555994620607,0,0,0.548479112926683,10.0982210432223,0.680923323346845,9.87935483448604,0,47.4671516839739,0.086013879394103,0.0109916021773987,0,0.45622285504382,0,0.0115549194225586,0.21274124705131,0.0143451481538283,0.208130348756982,0,0
"212",4.15669866731002,0.521746475792,21.6863691259203,0,0,0.54847749517455,10.7104579717963,0.68092744566766,9.87936855618868,0,48.1840457378495,0.0862671160891094,0.0108281998284374,0,0.450073645619285,0,0.011382968922091,0.222282247324512,0.014131803073829,0.205034019142736,0,0
"213",4.15667711974025,0.521740047804481,21.6863506924112,0,0,0.548479112926683,10.9660284021441,0.680923323346845,9.87935483448604,0,48.4395535328596,0.0858116315403386,0.0107709507985153,0,0.447699227403076,0,0.0113229597080125,0.226385827332309,0.0140571758755979,0.20395222734215,0,0
"217",1.74572234870139,0,0.397044203935379,0,0,0,0,0.000142573429190311,0,0,2.14290912606596,0.814650666921307,0,0,0.185282800425742,0,0,0,6.65326529511094e-05,0,0,0
"218",2.02406608366969,0,1.95207027589136,0,0,0,0,0.110822685534254,0,0,4.0869590450953,0.495249906186053,0,0,0.47763392154223,0,0,0,0.0271161722717164,0,0,0
"219",2.80052341912658,0,3.2501522338806,0,0,0,0,0.299133097266964,0,0,6.34980875027415,0.441040593388844,0,0,0.511850413406589,0,0,0,0.0471089932045668,0,0,0
"220",2.89737041073153,0,3.44383913619361,0,0,0,0.0314719743093465,0.83074793988586,0,0.000583447627277846,7.20401290874762,0.402188397970988,0,0,0.47804455375307,0,0,0.00436867267007962,0.115317386352419,0,8.09892534436442e-05,0
"221",2.90332362253218,0,3.84450622685794,0,0,0,0.291529415706999,1.11761632772518,0,0.0208226268050778,8.17779821962737,0.355025099000849,0,0,0.470115075428349,0,0,0.0356488883532618,0.136664698456708,0,0.00254623876083196,0
"222",3.12053545828478,0,5.26207422166923,0,0,0,0.456228082629426,1.41217544717249,0,0.061630799765372,10.3126440095213,0.302593152192949,0,0,0.510254617226285,0,0,0.0442396811339756,0.136936312925054,0,0.00597623652173686,0
"223",3.21742458227426,0,5.889164887569,0,0,0,0.530290162876373,1.41217544717249,0,0.115487280220887,11.164542360113,0.288182397316077,0,0,0.527488247848735,0,0,0.0474977070955379,0.126487535415487,0,0.0103441123241632,0
"224",3.21742458227426,0,7.25477561333877,0,0,0,0.561969523346431,1.44470687158122,0,0.147555170137453,12.6264317606781,0.254816613534009,0,0,0.574570531948064,0,0,0.0445073900527103,0.114419251532361,0,0.0116862129328554,0
"225",3.21742458227426,0,7.48715121838159,0,0,0.0447869270568099,0.953682612818087,1.44768367898891,0,0.199285078117858,13.3500140976375,0.241005332184903,0,0,0.560834705014023,0,0.00335482245406284,0.0714368243990735,0.108440610504306,0,0.0149277054436313,0
"227",0.219325160578856,0,0.573623932063853,0,0,0,0.338219293218969,0.047610710620736,0,0,1.17877909648241,0.186061291070857,0,0,0.486625470179782,0,0,0.286923388977839,0.0403898497715228,0,0,0
"228",3.79722382818004,0,8.15850076196658,0,0,0.0447839471171322,2.58511966640656,1.69251405629499,0,0.340789219085546,16.6189314790509,0.228487844297732,0,0,0.490916084000398,0,0.00269475490488573,0.155552700224154,0.101842531719233,0,0.0205060848535979,0
"229",4.11830113749174,0,8.15850076196658,0,0,0.0447839471171322,3.62249579378073,1.76143974483276,0,0.396458221834859,18.1019796070238,0.227505567175304,0,0,0.450696605513851,0,0.00247398064130817,0.200116002361154,0.0973064705116173,0,0.0219013737967658,0
"23",0.374420953884606,1.10121491147751,0.0353590790408638,0,0,0,0,0,0,0,1.51099494440298,0.247797621872618,0.728801188618548,0,0.0234011895088338,0,0,0,0,0,0,0
"24",0.374420953884606,1.31520465877227,0.460043153736631,0,0,0,0.0138426253105417,0,0,0,2.16351139170404,0.173061697442555,0.607902811982133,0,0.212637268978874,0,0,0.0063982215964386,0,0,0,0
"25",2.6097993888338,1.58349531238004,1.08079049989707,0,0,0.0163091305656773,0.227292279714977,0,0,0.00635819411311188,5.52404480550468,0.472443559153096,0.286655045013772,0,0.195652015497787,0,0.00295238926183679,0.0411459877169137,0,0,0.00115100335659406,0
"26",1.48290569274735,7.35185339972916,1.60505428663866,0,0,0,0.381846268017229,0,0,0.107609158412726,10.9292688055451,0.135682058802962,0.672675686775961,0,0.146858341138458,0,0,0.034937951917103,0,0,0.00984596136551507,0
"27",1.48291208797065,7.52430647557447,1.84551323189661,0,0,0,1.19586440982757,0.0247429305784526,0,0.203394516630838,12.2767336524786,0.120790442307206,0.612891562899987,0,0.150326078917906,0,0,0.0974090050072997,0.00201543271026794,0,0.0165674781573333,0
"28",1.48291208797065,7.52430647557447,1.84551323189661,0,0,0,1.37841570454376,0.0486875200577932,0,0.271335476390672,12.551170496434,0.118149306344932,0.599490420253018,0,0.147039133315969,0,0,0.109823677794465,0.00387912187724853,0,0.0216183404143672,0
"29",1.48291208797065,7.52430647557447,1.84551323189661,0.0191721958348177,0,0.0157212742452946,1.5293120243496,0.0545236522337182,0,0.33642294962149,12.8078838917267,0.115781193872982,0.587474600736727,0.00149690581183377,0.144091970812503,0,0.00122746851690699,0.119403957537238,0.0042570382972427,0,0.0262668644145662,0
"3",0.0103651347224614,0,0.0166680203349585,0,0,0,0,0,0,0,0.0270331550574199,0.383423048491575,0,0,0.616576951508425,0,0,0,0,0,0,0
"30",1.48291208797065,7.52430647557447,1.84551323189661,0.0191721958348177,0,0.0184288618845935,1.68310489629131,0.0633366460412037,0,0.428477316479819,13.0652517119735,0.113500460661746,0.575902144210427,0.00146741878820808,0.14125355351595,0,0.00141052482499856,0.128822998086509,0.00484771724552078,0,0.0327951826666414,0
"31",1.48291208797065,7.52430647557447,1.84551323189661,0.0191721958348177,0,0.0184288618845935,2.04489491725153,0.0633366460412037,0,0.483376870418243,13.4819412868721,0.109992474853352,0.558102599282284,0.00142206492573042,0.136887796247389,0,0.00136692939781145,0.1516765926909,0.00469788769239613,0,0.0358536549101371,0
"32",0.0339951595008368,0,0.101817639414836,0,0,0,0.153129955228436,0.0190479533926715,0,0,0.30799070753678,0.110377224601093,0,0,0.330586725259159,0,0,0.497190179707449,0.0618458704322979,0,0,0
"33",1.53000281624433,0.926782021675185,0,0,0,0,0,0,0,0,2.45678483791951,0.622766305225159,0.377233694774841,0,0,0,0,0,0,0,0,0
"34",0.959563649900327,0.153338612296792,0.225531997002566,0,0,0,0.422834007080384,1.41087537019119,0,0,3.17214363647126,0.302496910564794,0.0483391138200059,0,0.0710976622904286,0,0,0.133295983895216,0.444770329429556,0,0,0
"35",0.959563649900327,0.153338612296792,0.481580528527791,0,0,0,0.845555405494626,1.42326060520523,0,0,3.86329880142477,0.248379351228656,0.0396911086039322,0,0.124655263100588,0,0,0.218868756717132,0.368405520349692,0,0,0
"36",0.00408825479965425,0,0,0,0,0,0,0,0,0,0.00408825479965425,1,0,0,0,0,0,0,0,0,0,0
"38",0.861436498549021,0,0.972163557627337,0,0,0,0.122440064647237,0,0,0,1.9560401208236,0.440398174545782,0,0,0.497005939335235,0,0,0.062595886118984,0,0,0,0
"39",1.54597241259712,2.01736811265006,0.243981080785252,0,0,0.0609375552838198,0,0.0462289433517755,0,0,3.91448810466803,0.394936035379325,0.51535936722974,0,0.0623277103574039,0,0.0155671836660205,0,0.0118097033675099,0,0,0
"40",0.0148294767789523,0,0.512282020144169,0,0,0,0.0671895213878075,0.755324175244548,0,0,1.34962519355548,0.0109878482187231,0,0,0.379573545744655,0,0,0.0497838375488547,0.559654768487767,0,0,0
"41",0.326268712450074,0,0.903305459158851,0,0,0,0.365558455928703,0.76003324055197,0,0.0134418104260448,2.36860767851564,0.137747046676189,0,0,0.381365587620206,0,0,0.154334742407739,0.320877639402177,0,0.00567498389368919,0
"42",0.69710189205338,0,0.948652408207473,0,0,0,0.59331877789733,0.773637636571194,0,0.148550098224715,3.16126081295409,0.220513881422508,0,0,0.300086726258119,0,0,0.187684222531103,0.244724393950987,0,0.0469907758372836,0
"43",0.700557127592747,0,0.948649338581433,0,0,0,0.803623526568796,0.773640381623549,0,0.267073509605733,3.49354388397226,0.2005290761644,0,0,0.271543558657918,0,0,0.230031038183225,0.221448594126116,0,0.0764477328683397,0
"44",0.327293896482835,0,0.118620924808902,0,0,0,0,0,0,0,0.445914821291737,0.733982995978295,0,0,0.266017004021705,0,0,0,0,0,0,0
"45",0.0898974965992067,0,0.542549507432351,0,0,0.00557723522330765,0.0478119276444356,0,0,0,0.685836166899301,0.131077217764175,0,0,0.791077422885474,0,0.00813202262068302,0.0697133367296677,0,0,0,0
"46",2.84093546655998,0.153334710297452,3.16155415312077,0,0,0,1.76391545021592,2.21641551041813,0,0,10.1361552906122,0.280277421281337,0.0151275020854767,0,0.311908614506813,0,0,0.174022141496746,0.218664320629627,0,0,0
"49",1.13036710999053,0,2.09136316162911,0,0,0.119300045020461,1.05798319057419,0.0718167802906601,0,0.0586835425092904,4.52951383001424,0.249555946269618,0,0,0.461719124858602,0,0.0263383774721991,0.233575441047029,0.0158552955098129,0,0.0129558148427391,0
"5",2.47220934234058,0,0.635455841583915,0,0,0,0,0.114235407059553,0,0,3.22190059098404,0.767313972770806,0,0,0.197230120433304,0,0,0,0.0354559067958901,0,0,0
"50",4.43524971161027,2.38276268926598,2.60801589228587,0,0,0.148635176538719,0,0.482687708176182,0,0,10.057351177877,0.440995808256791,0.236917519048882,0,0.25931439065414,0,0.0147787597260866,0,0.0479935223141001,0,0,0
"51",4.43524971161027,2.38276268926598,2.84107654384874,0,0,0.148635176538719,0,0.54110874258818,0,0,10.3488328638519,0.42857487119175,0.230244581259872,0,0.274531107152433,0,0.0143625062356448,0,0.0522869341603007,0,0,0
"52",0.0945087028072328,0,0.150327104701286,0,0,0.00198010665435809,3.36093183782644,0.0233070664056042,0,0.00355162977424629,3.63460644816917,0.0260024583555226,0,0,0.0413599400223948,0,0.000544792588302241,0.924703096677611,0.00641254197338051,0,0.0009771703827894,0
"53",0.0945087028072328,0,0.150327104701286,0,0,0.00198010665435809,4.0663068912565,0.0235409789305928,0,0.00355162977424629,4.34021541412421,0.0217751180044374,0,0,0.0346358625915391,0,0.000456223128445262,0.936890569538013,0.0054239194796609,0,0.000818307257904375,0
"54",0.487906354116272,0,0,0,0,0,0,0,0,0,0.487906354116272,1,0,0,0,0,0,0,0,0,0,0
"55",1.11621339184271,0,0.120905746503484,0,0,0,0,0,0,0,1.23711913834619,0.902268308074909,0,0,0.0977316919250908,0,0,0,0,0,0,0
"56",1.11940386274074,0,0.351156287900364,0,0,0,0.394103268805336,0,0,0.00297537531060863,1.86763879475705,0.599368499885096,0,0,0.188021521552321,0,0,0.211016857173714,0,0,0.00159312138886881,0
"58",1.66291456011813,0,0.245896953556818,0,0,0,0,0,0,0,1.90881151367495,0.871177980751277,0,0,0.128822019248723,0,0,0,0,0,0,0
"59",0.211935399164309,0,0.337945494520093,0,0,0,0.0692286551435385,0,0,0,0.619109548827941,0.342322937136944,0,0,0.545857344891337,0,0,0.111819717971719,0,0,0,0
"6",2.47220934234058,0,0.901818667373409,0,0,0,0.201093337953692,0.502495272899304,0,0,4.07761662056698,0.606287832424232,0,0,0.221163182145362,0,0,0.0493163915752655,0.123232593855141,0,0,0
"60",4.59064118403531,1.58349531238004,2.46526995794335,0,0,0.0163091305656773,1.32424058521169,0,0,0.125308183948662,10.1052643540847,0.454282146728769,0.156700038405226,0,0.243958977376663,0,0.00161392418785016,0.131044625732765,0,0,0.0124002875687275,0
"61",2.86514956981086,0.359380412080193,1.32414301286747,0,0,0,0,0,0,0,4.54867299475852,0.629886908360394,0.0790077485223296,0,0.291105343117276,0,0,0,0,0,0,0
"62",2.86902445830671,0.621239800556334,2.20879134828728,0,0,0.0135661124186285,0,0,0,0,5.71262171956895,0.502225527813033,0.108748632598626,0,0.386651078386815,0,0.00237476120152624,0,0,0,0,0
"63",2.86902445830671,0.621757298981552,2.8506789824406,0,0,0.169416892809304,0.0718448280203503,0,0,0,6.58272246055852,0.435841625633915,0.094452911042037,0,0.433054712472069,0,0.0257365996856761,0.0109141511663025,0,0,0,0
"64",2.86902445830671,0.621757298981552,3.67862956417268,0,0,0.169416892809304,0.155753158428204,0,0,0,7.49458137269845,0.382813170693977,0.0829609110985856,0,0.490838564722685,0,0.0226052509652456,0.0207821025195066,0,0,0,0
"66",0.00674371945865458,0.424811524539186,1.18747450948577,0,0,0,0,0,0,0,1.61902975348361,0.00416528445147124,0.262386484019293,0,0.733448231529236,0,0,0,0,0,0,0
"67",2.93544429160125,0.153334710297452,3.31187512610481,0,0,0.00379942827846248,8.69688085334841,2.24604327102105,0,0.00355020124090262,17.3509278818923,0.1691808248863,0.00883726284503059,0,0.190875966325762,0,0.000218975509801272,0.501234338160358,0.129448020665514,0,0.000204611607233274,0
"68",4.06603632563292,0.153338612296792,6.81976944769057,0,0,0.171530148730621,14.9612821250384,2.43288375242002,0,0.151185726144071,28.7560261379533,0.141397712817711,0.00533239925298333,0,0.237159662290387,0,0.00596501574688125,0.520283367850047,0.0846043100930767,0,0.00525753194891315,0
"69",4.14036296267726,0.153338612296792,7.016464793124,0,0,0.186145738621304,16.990357584743,2.43665954687637,0,0.229172501262232,31.1525017396009,0.132906274985102,0.00492219256028058,0,0.225229577122684,0,0.00597530625878039,0.545393038631786,0.0782171386184018,0,0.00735647182296468,0
"7",2.48067820361561,0,0.942712702935194,0,0,0,0.526679548785968,0.584121783132183,0,0,4.53419223846895,0.54710477040851,0,0,0.20791193962555,0,0,0.116157304561884,0.128825985404056,0,0,0
"70",4.1619119273193,0.153334710297452,7.03492843335426,0,0,0.257255929854258,17.8991394973741,2.43665116847625,0,0.297480159748795,32.2407018264244,0.129088750912618,0.00475593587022289,0,0.218200226261466,0,0.00797922859245612,0.555172142149338,0.0755768649700787,0,0.00922685124382067,0
"71",2.9356478670574,0.153338612296792,3.43118651231597,0,0,0.0132509213803937,12.4076819075212,2.35848040521922,0,0.004665468160089,21.3042516939511,0.137796337990642,0.0071975591773697,0,0.16105642017411,0,0.000621984830575204,0.582404023655247,0.110704681821275,0,0.000218992350781026,0
"72",0.498676043103649,0.738134719204987,0.155677182908515,0,0,0.255512072697502,0,0,0,0,1.64800001791465,0.302594683059933,0.447897276202101,0,0.0944643089904245,0,0.155043731747541,0,0,0,0,0
"73",4.80257211702122,1.58349536523032,2.80369500535118,0,0,0.0359730668707977,1.67458637298604,0.0130378290598448,0,0.179573488488252,11.0929332450077,0.432939783459222,0.142748119929683,0,0.252746045020416,0,0.00324288139811779,0.150959744911445,0.00117532746045438,0,0.0161880978206615,0
"75",0.96020459396528,0,0.620436956369288,0,0,0,0.232583982459075,0,0,0,1.81322553279364,0.529556073747698,0,0,0.342173075079843,0,0,0.128270851172458,0,0,0,0
"76",0.96020459396528,0,0.678835449162056,0,0,0,0.426010137421203,0,0,0.0538269481902374,2.11887712873878,0.453166717853444,0,0,0.320375089218184,0,0,0.201054667891374,0,0,0.0254035250369978,0
"77",7.28563026654404,0.153338612296792,8.2133443307802,0,0,0.286184401847789,20.5503756595748,3.05485181530119,0,0.486908581091096,40.0306336674359,0.182001372425707,0.00383053172654445,0,0.205176475571547,0,0.00714913494063907,0.513366234227067,0.0763128518194368,0,0.0121633992890596,0
"8",2.57957208837392,0,1.07167985157679,0,0,0,0.807592059829195,0.584121783132183,0,0,5.04296578291208,0.511518856049888,0,0,0.212509839985062,0,0,0.160142284241883,0.115829019723168,0,0,0
"82",5.08937531726007,3.54569778160548,5.05457839638395,0,0,0.575907789387287,0,0.953750124828732,0,0,15.2193094094655,0.334402513302921,0.232973631471101,0,0.332116146691932,0,0.0378405993263469,0,0.0626671092076987,0,0,0
"83",8.02942184357388,0.153334710297452,9.16199044327006,0,0,0.286180624563426,21.4733090497991,3.82846865144354,0,0.821318147889814,43.7540234708373,0.183512765378608,0.00350447108937655,0,0.209397667151151,0,0.00654066990557268,0.490773358571502,0.0874998079661238,0,0.0187712599376657,0
"84",8.06851381127363,0.153334710297452,9.16199044327006,0.411464324390108,0,0.301258691076114,22.8557661334485,3.82846865144354,0,0.97998731884566,45.7607840840451,0.176319396023784,0.00335078852704611,0.00899163623670445,0.200214892001041,0,0.00658333761333321,0.499461855624484,0.0836626541278686,0,0.0214154398457377,0
"85",8.09354506809866,0.153334710297452,9.28710274768172,0.411464324390108,0,0.301258691076114,23.1668724933627,3.82846865144354,0,1.06364443408896,46.3056911204392,0.174785104643999,0.0033113577745473,0.00888582622209236,0.200560719923742,0,0.00650586750325251,0.500302920284821,0.0826781451438841,0,0.0229700585036612,0
"90",5.77128260611371,1.58349531238004,4.33085779536162,0.0153374317728322,0,0.0731908476739886,4.08896084225071,0.0141330854177949,0,0.380538091496685,16.2577960124674,0.354985546730195,0.0973991376915865,0.000943389359853612,0.26638652570376,0,0.00450189236092406,0.251507697544924,0.000869311277307014,0,0.023406499331451,0
"91",8.66282279100514,2.2052695669851,8.38486978644877,0.0153374317728322,0,0.242608888754059,5.31180343958042,0.0656636634541752,0,0.415602937257389,25.3039785052579,0.342350227226327,0.0871511002321975,0.000606127284278449,0.331365669817752,0,0.00958777643221788,0.209919694583865,0.00259499364657344,0,0.0164244107767888,0
"92",0.00850167204337751,0,0.367467539080687,0,0,0,0.551237335001455,0,0,0,0.927206546125519,0.00916912426783774,0,0,0.396316808392056,0,0,0.594514067340107,0,0,0,0
"93",0.100180284488694,0,0,0,0,0.0332766150380003,2.01303720416548,0.0214771828192266,0,0,2.1679712865114,0.0462092303122243,0,0,0,0,0.01534919546446,0.928534993378425,0.00990658084489058,0,0,0
"94",34.2254702443829,39.6212165916708,86.4598319090077,1.11960082003455,0.38203250137377,4.65915190329361,163.713507580101,13.8063119887167,10.9532811978632,2.88340671517183,357.823811451616,0.0956489455118635,0.110728283930954,0.00312891647845504,0.241626826225618,0.00106765533524431,0.0130207989356337,0.45752547019146,0.0385841063307312,0.0306108225537817,0.00805817450625898,0
"96",34.2283353352522,39.6212165916708,86.459832391549,1.12376271056169,0.38203250137377,4.65915190329361,164.087966468956,13.8063213264425,10.9882600055705,3.16528609278863,358.522165327459,0.0954706253767869,0.110512599842976,0.00313443022284352,0.241156170393483,0.00106557568351412,0.0129954361372278,0.457678722092635,0.0385089756273017,0.0306487605739363,0.00882870404929524,0
"97",5.08937531726007,5.98517469835282,7.15751752267535,0,0,0.749980455656047,0,1.40723383996405,0,0,20.3892818339083,0.249610327559267,0.293545145292915,0,0.351043140262648,0,0.0367830736641638,0,0.0690183132210059,0,0,0
"98",32.1491522298524,39.6212165916708,82.0195518710727,1.11960082003455,0.38203250137377,4.31348498027253,158.495219635035,12.9360361386661,10.7857586263292,2.29618528022517,344.118238674532,0.0934247262036555,0.115138380180844,0.00325353525098525,0.238347005921552,0.00111017800987613,0.0125348920675845,0.460583607092504,0.0375918352613128,0.0313431763101937,0.00667266370149274,0
"103",0,0.264240109843409,0,0,0,0,0,0,0,0,0.264240109843409,0,1,0,0,0,0,0,0,0,0,0
"104",0,0.0200388475389306,0,0,0,0,0,0,0,0,0.0200388475389306,0,1,0,0,0,0,0,0,0,0,0
"105",0,3.61223548543021,0.00306852424996102,0,0,0,0,0,0,0,3.61530400968017,0,0.999151240326749,0,0.000848759673251512,0,0,0,0,0,0,0
"106",0,3.95895496525277,0.326480950839145,0,0,0,0,0,0,0,4.28543591609192,0,0.923816163108821,0,0.0761838368911786,0,0,0,0,0,0,0
"126",0,1.87187074400938,0,0,0,0,0,0,0,0,1.87187074400938,0,1,0,0,0,0,0,0,0,0,0
"128",0,0.00241695700331995,0.779908473823148,0,0,0,1.10548844362868,0.00434035569528803,0,0,1.89215423015043,0,0.00127735729192001,0,0.412180181401566,0,0,0.584248591374493,0.00229386993202079,0,0,0
"131",0,10.1742860533609,2.36914488470562,0,0,0.0280256878262064,0.220809369005031,0,0,0,12.7922659948978,0,0.795346661601546,0,0.18520134631742,0,0.00219083060322421,0.0172611614778102,0,0,0,0
"132",0,10.1742860533609,2.36914488470562,0,0,0.0280256878262064,0.307844952789307,0,0,0,12.8793015786821,0,0.789971877838586,0,0.183949794966138,0,0.00217602543546265,0.023902301759814,0,0,0,0
"133",0,10.1742860533609,2.36914488470562,0,0,0.0280256878262064,1.06183632989269,0,0,0,13.6332929557854,0,0.746282360861567,0,0.173776423083481,0,0.00205568001194556,0.0778855360430065,0,0,0,0
"136",0,0.847980870254752,0.0354888356512412,0,0,0,0,0,0,0,0.883469705905993,0,0.959830161222282,0,0.0401698387777175,0,0,0,0,0,0,0
"173",0,0.478806665755525,0.660101646493394,0,0,0.00467019469289616,0.0811230769074036,0,0,0,1.22470158384922,0,0.390957823579065,0,0.538989787551923,0,0.00381333277794727,0.0662390560910642,0,0,0,0
"22",0,0.0320704203625764,0.123876053278244,0,0,0.0316050586823387,0,0.00189422587878292,0,0,0.189445758201942,0,0.169285502441235,0,0.653886655758197,0,0.166829064859024,0,0.00999877694154413,0,0,0
"74",0,2.45926603495912,0,0,0,0,0,0,0,0,2.45926603495912,0,1,0,0,0,0,0,0,0,0,0
"78",0,6.37288055171594,0,0,0,0,0,0,0,0,6.37288055171594,0,1,0,0,0,0,0,0,0,0,0
"79",0,7.2560099668616,0.0871664358628214,0,0,0,0,0,0,0,7.34317640272443,0,0.988129600722859,0,0.0118703992771413,0,0,0,0,0,0,0
"80",0,7.45336039525182,0.310288269326121,0,0,0.0199719161823447,0,0,0,0,7.78362058076028,0,0.95756985042092,0,0.039864259325936,0,0.00256589025314411,0,0,0,0,0
"81",0,7.80798371749308,1.2995959184997,0,0,0.0200971077490591,0,0,0,0,9.12767674374184,0,0.855418518501592,0,0.142379704604541,0,0.00220177689386713,0,0,0,0,0
"86",0,1.50805762963302,0,0,0,0,0,0,0,0,1.50805762963302,0,1,0,0,0,0,0,0,0,0,0
"87",0,1.76349135992267,0.0649801759616619,0,0,0,0,0,0,0,1.82847153588433,0,0.964462024873559,0,0.0355379751264405,0,0,0,0,0,0,0
"88",0,2.36421577294929,0.599360954836429,0,0,0,0.0149320632945974,0,0,0,2.97850879108031,0,0.793758198743398,0,0.201228533093917,0,0,0.00501326816268402,0,0,0,0
"89",0,2.02390256805664,0.931689969345408,0,0,0.174072734595753,0,0,0,0,3.1296652719978,0,0.646683396516937,0,0.297696363148341,0,0.0556202403347227,0,0,0,0,0
"99",0,0.0294660282061206,0.871540513385731,0,0,0,0,0.652602314211437,0,0,1.55360885580329,0,0.0189661819292896,0,0.560978080248586,0,0,0,0.420055737822124,0,0,0
"113",0,0,0.0374059422161694,0,0,0,0,0,0,0,0.0374059422161694,0,0,0,1,0,0,0,0,0,0,0
"12",0,0,0.00191253749140789,0,0,0,0.00679338088894846,0,0,0.0001436840397894,0.00884960242014575,0,0,0,0.216115640071477,0,0,0.767648145806371,0,0,0.0162362141221519,0
"124",0,0,0.000908630790660463,0,0,0,0,0,0,0,0.000908630790660463,0,0,0,1,0,0,0,0,0,0,0
"16",0,0,0.00263331466256024,0,0,0,0,0,0,0,0.00263331466256024,0,0,0,1,0,0,0,0,0,0,0
"160",0,0,1.31470080896265,0.261272888548081,0.334225899770616,0.58467961223548,20.1229422179882,1.56139454238739,0.318109985103165,0.0346504442777032,24.5319763992733,0,0,0.0106502991970847,0.0535913123168339,0.0136240918518297,0.0238333676308608,0.82027399221631,0.0636473196033908,0.0129671568211923,0.00141246036249773,0
"161",0,0,1.31470080896265,0.261272888548081,0.334225899770616,0.584679918165081,20.2817458131192,1.56139470285817,0.318109985103165,0.114327361561792,24.7704573780888,0,0,0.0105477619795263,0.0530753546006622,0.0134929240372551,0.0236039209628108,0.818787699538397,0.0630345527749252,0.0128423137388071,0.00461547236761654,0
"162",0,0,1.31470080896265,0.261272888548081,0.334225899770616,0.584680264858583,21.1856735173454,1.56339076542096,0.318109985103165,0.179621372375193,25.7416755023846,0,0,0.010149801186169,0.0510728530021623,0.0129838440290981,0.0227133725154923,0.823010666705934,0.0607338386064317,0.0123577808707011,0.0069778430840119,0
"163",0,0,1.31470080896265,0.261272888548081,0.334225899770616,0.584679918165081,21.3434471164322,1.56339071909314,0.318109985103165,0.270699899870269,25.9905272359452,0,0,0.0100526197939816,0.0505838452997755,0.0128595275015575,0.0224958852453159,0.821201006146345,0.0601523279962923,0.0122394587156822,0.0104153293010496,0
"19",0,0,0.00540054269034114,0,0,0,0,0,0,0,0.00540054269034114,0,0,0,1,0,0,0,0,0,0,0
"190",0,0,0.802521801324166,0,0,0,0,0,0,0,0.802521801324166,0,0,0,1,0,0,0,0,0,0,0
"191",0,0,1.79793868585772,0,0,0,0,0,0.000215817230569506,0,1.79815450308829,0,0,0,0.999879978483385,0,0,0,0,0.000120021516615421,0,0
"192",0,0,0.00741176268680683,0,0,0,0,0,0,0,0.00741176268680683,0,0,0,1,0,0,0,0,0,0,0
"194",0,0,0.00164583656221344,0,0,0,0,0.000124122793408545,0,0,0.00176995935562198,0,0,0,0.929872517685624,0,0,0,0.0701274823143759,0,0,0
"197",0,0,0.000513780657079299,0,0,0,0.0373504326326757,0.000280006375799046,0,0,0.0381442196655541,0,0,0,0.013469423718301,0,0,0.979189847378234,0.00734072890346488,0,0,0
"208",0,0,0.00181290597653228,0,0,0,0.00377802447988303,0,9.23231588281343e-05,0,0.00568325361524344,0,0,0,0.31899086320374,0,0,0.664764364861305,0,0.0162447719349543,0,0
"21",0,0,0.0613922819510197,0,0,0,0,0,0,0,0.0613922819510197,0,0,0,1,0,0,0,0,0,0,0
"214",0,0,0.517664641189724,0,0,0.000634815682811905,0.674278283848206,0,0,0,1.19257774072074,0,0,0,0.43407203028699,0,0.000532305493500365,0.565395664219509,0,0,0,0
"215",0,0,0.641783130835599,0,0,0.000634716221462934,1.21620261633864,0,0,0,1.8586204633957,0,0,0,0.345300798885567,0,0.000341498565179524,0.654357702549253,0,0,0,0
"230",0,0,1.31470080896265,0.261272888548081,0.334225899770616,0.581947068749501,19.6348657503201,1.50192396284954,0.318109985103165,0.000677651462837894,23.9477240157665,0,0,0.0109101344401692,0.0548987790278982,0.0139564786845953,0.0243007255456245,0.819905296110522,0.0627167726611813,0.0132835164165802,2.82971134288899e-05,0
"232",0,0,1.31470080896265,0.261272888548081,0.334225899770616,0.581946700572404,19.2340654118829,1.49039089752426,0.318109985103165,0.000677651462837894,23.5353902438269,0,0,0.0111012770912779,0.0558605910223853,0.0142009924759281,0.0247264521447671,0.817240131249907,0.0633255230562908,0.0135162400881201,2.87928713234587e-05,0
"37",0,0,0.0112916311616383,0,0,0,0,0,0,0,0.0112916311616383,0,0,0,1,0,0,0,0,0,0,0
"4",0,0,0.00190347167735059,0,0,0,0,0,0,0,0.00190347167735059,0,0,0,1,0,0,0,0,0,0,0
"47",0,0,0.00620329951057632,0,0,7.16046588656133e-05,0.00137429578434049,0,0,0,0.00764919995378243,0,0,0,0.8109736375121,0,0.00936106511769322,0.179665297370207,0,0,0,0
"48",0,0,1.297224028222,0,0,0.0156171238565038,0.581182181356673,0.00258694375196873,0,1.28476572362263e-05,1.89662312484438,0,0,0,0.683965101568841,0,0.00823417349073249,0.306429977439171,0.00136397353700988,0,6.77396424620758e-06,0
"57",0,0,0.00956584095044687,0,0,0,0,0,0,0,0.00956584095044687,0,0,0,1,0,0,0,0,0,0,0
"65",0,0,0.0681405331988806,0,0,0,0.0500848116488096,0.00411835620892799,0,0,0.122343701056618,0,0,0,0.556959881141298,0,0,0.409377934591265,0.033662184267436,0,0,0
"138",0,0,0,0,0,0,0.00455731207516557,0,0,0,0.00455731207516557,0,0,0,0,0,0,1,0,0,0,0
"145",0,0,0,0,0,0,3.3648068938625e-05,0,0,0.00476722331427493,0.00480087138321355,0,0,0,0,0,0,0.00700874200801897,0,0,0.992991257991981,0
"203",0,0,0,0,0,0,0.656579045233991,0,0,0,0.656579045233991,0,0,0,0,0,0,1,0,0,0,0
"216",0,0,0,0,0,0,0.102972378126522,0,0,0,0.102972378126522,0,0,0,0,0,0,1,0,0,0,0
"231",0,0,0,0,0,0,0.00049965116340178,0,0,0,0.00049965116340178,0,0,0,0,0,0,1,0,0,0,0
"9",0,0,0,0,0,0,0.020159550248849,0,0,0.00113168385564197,0.021291234104491,0,0,0,0,0,0,0.946847427909157,0,0,0.0531525720908427,0
"95",0,0,0,0,0,0,6.78245039351785e-06,0,0.00169977321122105,0.00437223728430293,0.0060787929459175,0,0,0,0,0,0,0.00111575611373191,0,0.279623475637974,0.719260768248294,0
"108",0,0,0,0,0,0,0,0,0.000630008141911151,0.00208207090308635,0.0027120790449975,0,0,0,0,0,0,0,0,0.232297116514069,0.767702883485931,0
"226",0,0,0,0,0,0,0,0,0,0.00100837555044088,0.00100837555044088,0,0,0,0,0,0,0,0,0,1,0
